{"cameraMode":{"drawMode":0,"name":"Shaded","section":"Shading Mode"},"sceneLighting":false,"audioPlay":false,"sceneViewState":{"m_AlwaysRefresh":false,"showFog":true,"showSkybox":false,"showFlares":true,"showImageEffects":true,"showParticleSystems":true,"showVisualEffectGraphs":true,"m_FxEnabled":true},"in2DMode":false,"pivot":{"x":0.34993410110473635,"y":0.3936042785644531,"z":-0.5850205421447754},"rotation":{"x":-0.07458919286727905,"y":0.9140483736991882,"z":-0.19655238091945649,"w":-0.34686994552612307},"size":6.047134876251221,"orthographic":false}